{"cameraMode":{"drawMode":0,"name":"Shaded","section":"Shading Mode"},"sceneLighting":true,"audioPlay":false,"sceneViewState":{"m_AlwaysRefresh":false,"showFog":true,"showSkybox":true,"showFlares":true,"showImageEffects":true,"showParticleSystems":true,"showVisualEffectGraphs":true,"m_FxEnabled":true},"in2DMode":false,"pivot":{"x":353.3292541503906,"y":-415.62762451171877,"z":-1992.6768798828125},"rotation":{"x":0.17844274640083314,"y":0.14842751622200013,"z":-0.02722896635532379,"w":0.9723261594772339},"size":663.8712768554688,"orthographic":false}